date,pos,neu,neg
2017-12-29 00:00:00,0.31781376518218624,0.0,0.6821862348178138
2017-09-29 00:00:00,0.3313373253493014,0.0,0.6686626746506986
2019-04-08 00:00:00,0.36009174311926606,0.0,0.6399082568807339
2019-09-24 00:00:00,0.2909090909090909,0.0,0.7090909090909091
2019-08-10 00:00:00,0.27734375,0.0,0.72265625
2019-10-04 00:00:00,0.3216374269005848,0.0,0.6783625730994152
2017-05-26 00:00:00,0.3026052104208417,0.0,0.6973947895791583
2019-11-04 00:00:00,0.35625,0.0,0.64375
2018-09-24 00:00:00,0.34980237154150196,0.0,0.650197628458498
2019-02-23 00:00:00,0.36989247311827955,0.0,0.6301075268817204
2017-11-07 00:00:00,0.328,0.0,0.672
2018-06-07 00:00:00,0.3068432671081678,0.0,0.6931567328918322
2019-06-26 00:00:00,0.2657952069716776,0.0,0.7342047930283224
2019-12-02 00:00:00,0.23828125,0.0,0.76171875
2018-05-14 00:00:00,0.3089770354906054,0.0,0.6910229645093946
2017-10-12 00:00:00,0.3096646942800789,0.0,0.6903353057199211
2017-04-30 00:00:00,0.2722007722007722,0.0,0.7277992277992278
2018-12-09 00:00:00,0.28602620087336245,0.0,0.7139737991266376
2019-02-22 00:00:00,0.3657142857142857,0.0,0.6342857142857142
2019-05-12 00:00:00,0.24596774193548387,0.0,0.7540322580645161
2019-10-30 00:00:00,0.2994350282485876,0.0,0.7005649717514124
2018-03-20 00:00:00,0.3277661795407098,0.0,0.6722338204592901
2017-09-09 00:00:00,0.3534136546184739,0.0,0.6465863453815262
2017-08-21 00:00:00,0.2848360655737705,0.0,0.7151639344262295
2017-02-05 00:00:00,0.3303411131059246,0.0,0.6696588868940754
2018-06-27 00:00:00,0.303347280334728,0.0,0.696652719665272
2017-12-04 00:00:00,0.3119834710743802,0.0,0.6880165289256198
2017-06-12 00:00:00,0.3313008130081301,0.0,0.6686991869918699
2017-12-16 00:00:00,0.2924731182795699,0.0,0.7075268817204301
2020-01-15 00:00:00,0.3056092843326886,0.0,0.6943907156673114
2019-01-23 00:00:00,0.2727272727272727,0.0,0.7272727272727273
2017-05-23 00:00:00,0.341747572815534,0.0,0.658252427184466
2018-04-04 00:00:00,0.3032258064516129,0.0,0.6967741935483871
2018-10-16 00:00:00,0.2536082474226804,0.0,0.7463917525773196
2019-08-17 00:00:00,0.3,0.0,0.7
2018-09-05 00:00:00,0.3610503282275711,0.0,0.6389496717724289
2019-01-05 00:00:00,0.26156941649899396,0.0,0.738430583501006
2018-10-15 00:00:00,0.2766884531590414,0.0,0.7233115468409586
2019-12-09 00:00:00,0.3076923076923077,0.0,0.6923076923076923
2019-04-23 00:00:00,0.28118393234672306,0.0,0.718816067653277
2019-01-13 00:00:00,0.2982456140350877,0.0,0.7017543859649122
2017-05-08 00:00:00,0.23137254901960785,0.0,0.7686274509803922
2017-11-20 00:00:00,0.278118609406953,0.0,0.721881390593047
2018-09-13 00:00:00,0.24313725490196078,0.0,0.7568627450980392
2018-09-02 00:00:00,0.313373253493014,0.0,0.6866267465069861
2018-05-13 00:00:00,0.33555555555555555,0.0,0.6644444444444444
2019-10-20 00:00:00,0.25971370143149286,0.0,0.7402862985685071
2017-02-20 00:00:00,0.3603960396039604,0.0,0.6396039603960396
2019-04-29 00:00:00,0.26652452025586354,0.0,0.7334754797441365
2017-03-13 00:00:00,0.26095617529880477,0.0,0.7390438247011952
2019-11-23 00:00:00,0.30425531914893617,0.0,0.6957446808510638
2018-11-15 00:00:00,0.3196078431372549,0.0,0.6803921568627451
2018-07-11 00:00:00,0.23588709677419356,0.0,0.7641129032258065
2018-09-23 00:00:00,0.2839506172839506,0.0,0.7160493827160493
2019-08-09 00:00:00,0.3047808764940239,0.0,0.6952191235059761
2018-06-14 00:00:00,0.3605150214592275,0.0,0.6394849785407726
2019-09-20 00:00:00,0.30248306997742663,0.0,0.6975169300225733
2018-03-07 00:00:00,0.2888015717092338,0.0,0.7111984282907662
2019-11-22 00:00:00,0.3405639913232104,0.0,0.6594360086767896
2019-07-19 00:00:00,0.29714285714285715,0.0,0.7028571428571428
2018-11-01 00:00:00,0.29338842975206614,0.0,0.7066115702479339
2018-11-13 00:00:00,0.3118712273641851,0.0,0.6881287726358148
2017-10-22 00:00:00,0.3032128514056225,0.0,0.6967871485943775
2019-11-18 00:00:00,0.3049040511727079,0.0,0.6950959488272921
2017-03-30 00:00:00,0.3170731707317073,0.0,0.6829268292682927
2019-06-25 00:00:00,0.25316455696202533,0.0,0.7468354430379747
2019-11-20 00:00:00,0.3453389830508475,0.0,0.6546610169491526
2019-10-28 00:00:00,0.2970873786407767,0.0,0.7029126213592233
2018-07-17 00:00:00,0.2324561403508772,0.0,0.7675438596491229
2018-04-27 00:00:00,0.35,0.0,0.65
2019-04-11 00:00:00,0.3614190687361419,0.0,0.6385809312638581
2018-12-25 00:00:00,0.3538135593220339,0.0,0.6461864406779662
2017-03-21 00:00:00,0.25048923679060664,0.0,0.7495107632093934
2018-11-14 00:00:00,0.30434782608695654,0.0,0.6956521739130435
2017-07-28 00:00:00,0.2836734693877551,0.0,0.7163265306122449
2018-06-26 00:00:00,0.27655310621242485,0.0,0.7234468937875751
2017-04-10 00:00:00,0.45306859205776173,0.0,0.5469314079422383
2019-11-12 00:00:00,0.28431372549019607,0.0,0.7156862745098039
2017-07-30 00:00:00,0.2525458248472505,0.0,0.7474541751527495
2019-04-02 00:00:00,0.2563106796116505,0.0,0.7436893203883496
2018-05-21 00:00:00,0.28314606741573034,0.0,0.7168539325842697
2017-04-13 00:00:00,0.32108317214700194,0.0,0.6789168278529981
2018-11-06 00:00:00,0.403921568627451,0.0,0.596078431372549
2018-02-09 00:00:00,0.30426356589147285,0.0,0.6957364341085271
2017-03-27 00:00:00,0.31166347992351817,0.0,0.6883365200764818
2018-01-27 00:00:00,0.32096069868995636,0.0,0.6790393013100436
2019-05-17 00:00:00,0.292,0.0,0.708
2018-12-26 00:00:00,0.37184873949579833,0.0,0.6281512605042017
2018-04-12 00:00:00,0.284796573875803,0.0,0.715203426124197
2017-07-14 00:00:00,0.35353535353535354,0.0,0.6464646464646465
2019-07-01 00:00:00,0.30663615560640733,0.0,0.6933638443935927
2017-01-20 00:00:00,0.5005834305717619,0.0,0.49941656942823803
2017-04-28 00:00:00,0.29938900203665986,0.0,0.7006109979633401
2019-02-21 00:00:00,0.3231441048034934,0.0,0.6768558951965066
2019-07-25 00:00:00,0.32819383259911894,0.0,0.6718061674008811
2018-12-01 00:00:00,0.2869022869022869,0.0,0.7130977130977131
2018-03-22 00:00:00,0.2757201646090535,0.0,0.7242798353909465
2017-08-08 00:00:00,0.2783300198807157,0.0,0.7216699801192843
2018-03-01 00:00:00,0.27291666666666664,0.0,0.7270833333333333
2019-03-06 00:00:00,0.24618736383442266,0.0,0.7538126361655774
2019-01-21 00:00:00,0.2505091649694501,0.0,0.7494908350305499
2017-04-14 00:00:00,0.28515625,0.0,0.71484375
2019-10-12 00:00:00,0.2863070539419087,0.0,0.7136929460580913
2018-11-17 00:00:00,0.32181425485961124,0.0,0.6781857451403888
2017-07-04 00:00:00,0.40755467196819084,0.0,0.5924453280318092
2019-11-24 00:00:00,0.27044025157232704,0.0,0.7295597484276729
2019-07-08 00:00:00,0.2673684210526316,0.0,0.7326315789473684
2020-01-13 00:00:00,0.3062645011600928,0.0,0.6937354988399071
2018-02-08 00:00:00,0.3081761006289308,0.0,0.6918238993710691
2019-02-07 00:00:00,0.28752642706131076,0.0,0.7124735729386892
2019-03-08 00:00:00,0.3719512195121951,0.0,0.6280487804878049
2017-09-24 00:00:00,0.2924901185770751,0.0,0.7075098814229249
2019-10-11 00:00:00,0.3,0.0,0.7
2018-07-29 00:00:00,0.2731182795698925,0.0,0.7268817204301076
2018-01-17 00:00:00,0.3516949152542373,0.0,0.6483050847457628
2019-05-24 00:00:00,0.27405857740585776,0.0,0.7259414225941423
2017-03-15 00:00:00,0.248046875,0.0,0.751953125
2017-08-16 00:00:00,0.25793650793650796,0.0,0.7420634920634921
2019-10-10 00:00:00,0.31494252873563217,0.0,0.6850574712643678
2019-08-20 00:00:00,0.2931726907630522,0.0,0.7068273092369478
2018-07-16 00:00:00,0.24696356275303644,0.0,0.7530364372469636
2017-12-20 00:00:00,0.344017094017094,0.0,0.655982905982906
2017-10-29 00:00:00,0.31771894093686354,0.0,0.6822810590631364
2018-08-01 00:00:00,0.2816326530612245,0.0,0.7183673469387755
2017-11-03 00:00:00,0.2912801484230056,0.0,0.7087198515769945
2017-11-05 00:00:00,0.2774566473988439,0.0,0.7225433526011561
2019-07-30 00:00:00,0.3025210084033613,0.0,0.6974789915966386
2017-10-31 00:00:00,0.32298136645962733,0.0,0.6770186335403726
2018-07-07 00:00:00,0.24366471734892786,0.0,0.7563352826510721
2018-04-24 00:00:00,0.3269230769230769,0.0,0.6730769230769231
2019-01-03 00:00:00,0.2830578512396694,0.0,0.7169421487603306
2018-10-11 00:00:00,0.29563492063492064,0.0,0.7043650793650794
2017-10-24 00:00:00,0.33880903490759756,0.0,0.6611909650924025
2018-08-17 00:00:00,0.27766990291262134,0.0,0.7223300970873786
2018-05-19 00:00:00,0.2755741127348643,0.0,0.7244258872651357
2017-04-22 00:00:00,0.30544747081712065,0.0,0.6945525291828794
2017-11-21 00:00:00,0.3236994219653179,0.0,0.6763005780346821
2019-07-23 00:00:00,0.31524008350730687,0.0,0.6847599164926931
2017-04-06 00:00:00,0.32608695652173914,0.0,0.6739130434782609
2018-03-27 00:00:00,0.3150105708245243,0.0,0.6849894291754757
2018-04-11 00:00:00,0.28952772073921973,0.0,0.7104722792607803
2019-12-12 00:00:00,0.2737864077669903,0.0,0.7262135922330097
2018-03-13 00:00:00,0.36622807017543857,0.0,0.6337719298245614
2019-01-19 00:00:00,0.2874015748031496,0.0,0.7125984251968503
2019-09-11 00:00:00,0.29867256637168144,0.0,0.7013274336283186
2019-06-13 00:00:00,0.34598214285714285,0.0,0.6540178571428571
2017-12-08 00:00:00,0.2908704883227176,0.0,0.7091295116772823
2018-10-22 00:00:00,0.35196687370600416,0.0,0.6480331262939959
2017-02-12 00:00:00,0.26692456479690524,0.0,0.7330754352030948
2017-06-04 00:00:00,0.3040816326530612,0.0,0.6959183673469388
2018-02-17 00:00:00,0.22105263157894736,0.0,0.7789473684210526
2018-06-09 00:00:00,0.25576923076923075,0.0,0.7442307692307693
2019-08-23 00:00:00,0.37404580152671757,0.0,0.6259541984732825
2019-08-21 00:00:00,0.31048387096774194,0.0,0.6895161290322581
2017-05-09 00:00:00,0.31237721021611004,0.0,0.68762278978389
2017-09-18 00:00:00,0.35064935064935066,0.0,0.6493506493506493
2019-04-24 00:00:00,0.3122448979591837,0.0,0.6877551020408164
2017-06-20 00:00:00,0.3169291338582677,0.0,0.6830708661417323
2018-05-15 00:00:00,0.32741617357001973,0.0,0.6725838264299803
2019-06-12 00:00:00,0.2505091649694501,0.0,0.7494908350305499
2018-10-23 00:00:00,0.30409356725146197,0.0,0.695906432748538
2018-06-04 00:00:00,0.29116465863453816,0.0,0.7088353413654619
2018-08-05 00:00:00,0.3090551181102362,0.0,0.6909448818897638
2019-02-04 00:00:00,0.31287128712871287,0.0,0.6871287128712872
2019-09-27 00:00:00,0.29111531190926276,0.0,0.7088846880907372
2019-03-30 00:00:00,0.31875,0.0,0.68125
2019-09-30 00:00:00,0.3681710213776722,0.0,0.6318289786223278
2018-02-19 00:00:00,0.28512396694214875,0.0,0.7148760330578512
2018-12-22 00:00:00,0.3273809523809524,0.0,0.6726190476190477
2018-12-14 00:00:00,0.3390191897654584,0.0,0.6609808102345416
2017-07-29 00:00:00,0.2823061630218688,0.0,0.7176938369781312
2017-08-24 00:00:00,0.27439024390243905,0.0,0.725609756097561
2019-05-16 00:00:00,0.3333333333333333,0.0,0.6666666666666666
2017-12-19 00:00:00,0.3434125269978402,0.0,0.6565874730021598
2019-12-01 00:00:00,0.33260869565217394,0.0,0.6673913043478261
2019-05-22 00:00:00,0.26495726495726496,0.0,0.7350427350427351
2018-05-09 00:00:00,0.30991735537190085,0.0,0.6900826446280992
2018-01-02 00:00:00,0.2857142857142857,0.0,0.7142857142857143
2018-11-05 00:00:00,0.3252212389380531,0.0,0.6747787610619469
2017-09-17 00:00:00,0.29637526652452023,0.0,0.7036247334754797
2019-03-11 00:00:00,0.31643002028397565,0.0,0.6835699797160243
2019-03-10 00:00:00,0.32158590308370044,0.0,0.6784140969162996
2017-04-02 00:00:00,0.29006085192697767,0.0,0.7099391480730223
2018-08-06 00:00:00,0.30103092783505153,0.0,0.6989690721649484
2018-06-05 00:00:00,0.28544061302681994,0.0,0.7145593869731801
2017-02-18 00:00:00,0.3397312859884837,0.0,0.6602687140115163
2019-03-02 00:00:00,0.2851063829787234,0.0,0.7148936170212766
2017-02-27 00:00:00,0.31669865642994244,0.0,0.6833013435700576
2017-08-20 00:00:00,0.28901734104046245,0.0,0.7109826589595376
2018-10-05 00:00:00,0.4017467248908297,0.0,0.5982532751091703
2019-12-14 00:00:00,0.36853002070393376,0.0,0.6314699792960663
2017-04-01 00:00:00,0.2718978102189781,0.0,0.7281021897810219
2018-06-28 00:00:00,0.25390625,0.0,0.74609375
2019-02-24 00:00:00,0.3263598326359833,0.0,0.6736401673640168
2017-07-12 00:00:00,0.34577603143418467,0.0,0.6542239685658153
2019-10-15 00:00:00,0.325626204238921,0.0,0.674373795761079
2017-12-07 00:00:00,0.32595573440643866,0.0,0.6740442655935613
2017-10-19 00:00:00,0.31222707423580787,0.0,0.6877729257641921
2017-07-15 00:00:00,0.3022312373225152,0.0,0.6977687626774848
2018-11-21 00:00:00,0.32053742802303264,0.0,0.6794625719769674
2018-02-28 00:00:00,0.30265848670756645,0.0,0.6973415132924335
2019-02-06 00:00:00,0.35714285714285715,0.0,0.6428571428571429
2018-04-02 00:00:00,0.25,0.0,0.75
2019-06-20 00:00:00,0.3202614379084967,0.0,0.6797385620915033
2017-01-25 00:00:00,0.2962962962962963,0.0,0.7037037037037037
2018-04-19 00:00:00,0.2926315789473684,0.0,0.7073684210526315
2019-07-28 00:00:00,0.2903930131004367,0.0,0.7096069868995634
2017-12-28 00:00:00,0.31875,0.0,0.68125
2018-06-01 00:00:00,0.31049250535331907,0.0,0.6895074946466809
2017-04-16 00:00:00,0.29458917835671344,0.0,0.7054108216432866
2019-06-15 00:00:00,0.2627118644067797,0.0,0.7372881355932204
2018-05-08 00:00:00,0.2795031055900621,0.0,0.7204968944099379
2017-11-29 00:00:00,0.2345415778251599,0.0,0.7654584221748401
2017-11-02 00:00:00,0.2514395393474088,0.0,0.7485604606525912
2018-02-27 00:00:00,0.28118393234672306,0.0,0.718816067653277
2019-05-14 00:00:00,0.28487229862475444,0.0,0.7151277013752456
2019-09-21 00:00:00,0.2701525054466231,0.0,0.7298474945533769
2017-02-06 00:00:00,0.3054003724394786,0.0,0.6945996275605214
2019-08-18 00:00:00,0.296137339055794,0.0,0.703862660944206
2018-02-22 00:00:00,0.2737864077669903,0.0,0.7262135922330097
2017-09-02 00:00:00,0.32341269841269843,0.0,0.6765873015873016
2018-03-28 00:00:00,0.30387931034482757,0.0,0.6961206896551724
2019-01-31 00:00:00,0.28336755646817247,0.0,0.7166324435318275
2018-10-07 00:00:00,0.288,0.0,0.712
2018-08-16 00:00:00,0.25571725571725573,0.0,0.7442827442827443
2019-06-30 00:00:00,0.3453815261044177,0.0,0.6546184738955824
2019-08-29 00:00:00,0.3496932515337423,0.0,0.6503067484662577
2017-05-19 00:00:00,0.3265720081135903,0.0,0.6734279918864098
2018-12-07 00:00:00,0.3407258064516129,0.0,0.6592741935483871
2018-10-31 00:00:00,0.33126293995859213,0.0,0.6687370600414079
2019-07-05 00:00:00,0.2984409799554566,0.0,0.7015590200445434
2017-03-08 00:00:00,0.38859180035650626,0.0,0.6114081996434938
2019-04-13 00:00:00,0.26143790849673204,0.0,0.738562091503268
2019-06-01 00:00:00,0.2915057915057915,0.0,0.7084942084942085
2017-03-11 00:00:00,0.2708333333333333,0.0,0.7291666666666666
2019-02-15 00:00:00,0.3093220338983051,0.0,0.690677966101695
2019-05-20 00:00:00,0.2671081677704194,0.0,0.7328918322295805
2019-01-01 00:00:00,0.3225152129817444,0.0,0.6774847870182555
2017-09-16 00:00:00,0.31048387096774194,0.0,0.6895161290322581
2019-07-13 00:00:00,0.3319672131147541,0.0,0.6680327868852459
2017-06-14 00:00:00,0.458252427184466,0.0,0.541747572815534
2019-08-25 00:00:00,0.3227722772277228,0.0,0.6772277227722773
2019-09-18 00:00:00,0.2905263157894737,0.0,0.7094736842105264
2017-01-28 00:00:00,0.3055028462998102,0.0,0.6944971537001897
2017-02-15 00:00:00,0.27695167286245354,0.0,0.7230483271375465
2018-02-24 00:00:00,0.2676348547717842,0.0,0.7323651452282157
2017-07-05 00:00:00,0.3314176245210728,0.0,0.6685823754789272
2017-05-07 00:00:00,0.30181086519114686,0.0,0.6981891348088531
2019-03-14 00:00:00,0.31643002028397565,0.0,0.6835699797160243
2018-11-24 00:00:00,0.42887931034482757,0.0,0.5711206896551724
2019-05-03 00:00:00,0.3,0.0,0.7
2019-08-07 00:00:00,0.312625250501002,0.0,0.687374749498998
2017-05-15 00:00:00,0.25544554455445545,0.0,0.7445544554455445
2018-01-05 00:00:00,0.3130252100840336,0.0,0.6869747899159664
2019-11-09 00:00:00,0.3287981859410431,0.0,0.671201814058957
2017-07-26 00:00:00,0.29902912621359223,0.0,0.7009708737864078
2019-07-20 00:00:00,0.30980392156862746,0.0,0.6901960784313725
2019-02-14 00:00:00,0.25957446808510637,0.0,0.7404255319148936
2019-09-02 00:00:00,0.2535496957403651,0.0,0.7464503042596349
2017-06-02 00:00:00,0.3037475345167653,0.0,0.6962524654832347
2018-10-08 00:00:00,0.3814229249011858,0.0,0.6185770750988142
2017-09-05 00:00:00,0.31097560975609756,0.0,0.6890243902439024
2018-10-12 00:00:00,0.35802469135802467,0.0,0.6419753086419753
2017-03-23 00:00:00,0.29300567107750475,0.0,0.7069943289224953
2019-07-12 00:00:00,0.34415584415584416,0.0,0.6558441558441559
2019-03-31 00:00:00,0.30196936542669583,0.0,0.6980306345733042
2019-05-06 00:00:00,0.3038229376257545,0.0,0.6961770623742455
2018-10-17 00:00:00,0.3093385214007782,0.0,0.6906614785992218
2019-12-25 00:00:00,0.3671875,0.0,0.6328125
2019-07-22 00:00:00,0.2897959183673469,0.0,0.710204081632653
2019-03-18 00:00:00,0.30691056910569103,0.0,0.693089430894309
2019-07-10 00:00:00,0.2925311203319502,0.0,0.7074688796680498
2018-11-19 00:00:00,0.31467181467181465,0.0,0.6853281853281853
2018-06-24 00:00:00,0.259656652360515,0.0,0.740343347639485
2019-05-01 00:00:00,0.25142857142857145,0.0,0.7485714285714286
2018-12-12 00:00:00,0.308,0.0,0.692
2017-02-26 00:00:00,0.3068181818181818,0.0,0.6931818181818182
2017-06-10 00:00:00,0.3852140077821012,0.0,0.6147859922178989
2019-11-19 00:00:00,0.2773279352226721,0.0,0.7226720647773279
2019-09-12 00:00:00,0.3116883116883117,0.0,0.6883116883116883
2018-01-28 00:00:00,0.3081761006289308,0.0,0.6918238993710691
2017-03-04 00:00:00,0.2712871287128713,0.0,0.7287128712871287
2019-02-10 00:00:00,0.29835390946502055,0.0,0.7016460905349794
2018-09-16 00:00:00,0.32062780269058294,0.0,0.679372197309417
2018-03-02 00:00:00,0.32238193018480493,0.0,0.6776180698151951
2018-05-31 00:00:00,0.32978723404255317,0.0,0.6702127659574468
2017-08-07 00:00:00,0.31976744186046513,0.0,0.6802325581395349
2017-01-23 00:00:00,0.3384321223709369,0.0,0.6615678776290631
2019-07-21 00:00:00,0.29375,0.0,0.70625
2018-01-04 00:00:00,0.3273453093812375,0.0,0.6726546906187625
2018-02-16 00:00:00,0.24703557312252963,0.0,0.7529644268774703
2018-10-03 00:00:00,0.3116370808678501,0.0,0.6883629191321499
2019-10-21 00:00:00,0.2826923076923077,0.0,0.7173076923076923
2019-12-29 00:00:00,0.26,0.0,0.74
2019-03-15 00:00:00,0.27628865979381445,0.0,0.7237113402061855
2018-02-18 00:00:00,0.23789473684210527,0.0,0.7621052631578947
2017-06-21 00:00:00,0.3236363636363636,0.0,0.6763636363636364
2019-11-05 00:00:00,0.2937853107344633,0.0,0.7062146892655368
2019-06-14 00:00:00,0.38223938223938225,0.0,0.6177606177606177
2017-09-06 00:00:00,0.3333333333333333,0.0,0.6666666666666666
2017-06-07 00:00:00,0.3169734151329243,0.0,0.6830265848670757
2019-06-17 00:00:00,0.26639344262295084,0.0,0.7336065573770492
2017-08-06 00:00:00,0.2936802973977695,0.0,0.7063197026022305
2018-05-20 00:00:00,0.2769556025369979,0.0,0.7230443974630021
2018-06-30 00:00:00,0.32537960954446854,0.0,0.6746203904555315
2017-10-26 00:00:00,0.3095723014256619,0.0,0.6904276985743381
2019-11-25 00:00:00,0.32516703786191536,0.0,0.6748329621380846
2017-04-05 00:00:00,0.303347280334728,0.0,0.696652719665272
2018-09-22 00:00:00,0.38513513513513514,0.0,0.6148648648648649
2017-06-09 00:00:00,0.30844793713163066,0.0,0.6915520628683693
2019-12-31 00:00:00,0.33137254901960783,0.0,0.6686274509803921
2019-10-05 00:00:00,0.2613168724279835,0.0,0.7386831275720165
2019-08-06 00:00:00,0.26204238921001927,0.0,0.7379576107899807
2018-04-30 00:00:00,0.32172131147540983,0.0,0.6782786885245902
2017-10-07 00:00:00,0.3062015503875969,0.0,0.6937984496124031
2019-04-15 00:00:00,0.3374485596707819,0.0,0.6625514403292181
2019-10-25 00:00:00,0.35777777777777775,0.0,0.6422222222222222
2018-07-18 00:00:00,0.2936344969199179,0.0,0.7063655030800822
2017-12-30 00:00:00,0.259958071278826,0.0,0.740041928721174
2017-10-10 00:00:00,0.29469548133595286,0.0,0.7053045186640472
2018-03-06 00:00:00,0.32210526315789473,0.0,0.6778947368421052
2017-11-01 00:00:00,0.2540322580645161,0.0,0.7459677419354839
2019-01-29 00:00:00,0.3333333333333333,0.0,0.6666666666666666
2017-09-08 00:00:00,0.3287128712871287,0.0,0.6712871287128713
2019-09-19 00:00:00,0.2757281553398058,0.0,0.7242718446601941
2017-09-23 00:00:00,0.2953156822810591,0.0,0.7046843177189409
2017-10-28 00:00:00,0.26429980276134124,0.0,0.7357001972386588
2017-11-14 00:00:00,0.27756653992395436,0.0,0.7224334600760456
2019-05-23 00:00:00,0.25260960334029225,0.0,0.7473903966597077
2019-08-11 00:00:00,0.3038461538461538,0.0,0.6961538461538461
2017-05-03 00:00:00,0.302734375,0.0,0.697265625
2019-11-17 00:00:00,0.27956989247311825,0.0,0.7204301075268817
2019-08-26 00:00:00,0.3163064833005894,0.0,0.6836935166994106
2018-07-06 00:00:00,0.2845691382765531,0.0,0.7154308617234469
2017-04-08 00:00:00,0.3175182481751825,0.0,0.6824817518248175
2019-03-03 00:00:00,0.2800829875518672,0.0,0.7199170124481328
2017-04-19 00:00:00,0.298,0.0,0.702
2018-09-26 00:00:00,0.38493723849372385,0.0,0.6150627615062761
2017-06-03 00:00:00,0.2957486136783734,0.0,0.7042513863216266
2019-03-04 00:00:00,0.2995689655172414,0.0,0.7004310344827587
2019-12-20 00:00:00,0.29046563192904656,0.0,0.7095343680709535
2019-01-25 00:00:00,0.29571984435797666,0.0,0.7042801556420234
2018-04-18 00:00:00,0.33264033264033266,0.0,0.6673596673596673
2019-02-17 00:00:00,0.2836438923395445,0.0,0.7163561076604554
2019-01-24 00:00:00,0.2817796610169492,0.0,0.7182203389830508
2019-09-14 00:00:00,0.22559652928416485,0.0,0.7744034707158352
2017-02-19 00:00:00,0.2716297786720322,0.0,0.7283702213279678
2018-12-30 00:00:00,0.27037773359840955,0.0,0.7296222664015904
2018-05-25 00:00:00,0.27157894736842103,0.0,0.728421052631579
2019-10-27 00:00:00,0.354639175257732,0.0,0.6453608247422681
2019-05-11 00:00:00,0.2165991902834008,0.0,0.7834008097165992
2019-08-01 00:00:00,0.34623217922606925,0.0,0.6537678207739308
2018-10-14 00:00:00,0.3062015503875969,0.0,0.6937984496124031
2020-01-05 00:00:00,0.3059071729957806,0.0,0.6940928270042194
2017-09-13 00:00:00,0.2595419847328244,0.0,0.7404580152671756
2019-12-24 00:00:00,0.33723196881091616,0.0,0.6627680311890838
2017-05-22 00:00:00,0.31721470019342357,0.0,0.6827852998065764
2018-04-15 00:00:00,0.3365019011406844,0.0,0.6634980988593155
2018-03-08 00:00:00,0.3359840954274354,0.0,0.6640159045725647
2017-10-13 00:00:00,0.30357142857142855,0.0,0.6964285714285714
2018-12-02 00:00:00,0.3333333333333333,0.0,0.6666666666666666
2018-11-10 00:00:00,0.3088803088803089,0.0,0.6911196911196911
2017-06-17 00:00:00,0.32234432234432236,0.0,0.6776556776556777
2019-11-03 00:00:00,0.27115384615384613,0.0,0.7288461538461538
2017-12-01 00:00:00,0.29518072289156627,0.0,0.7048192771084337
2017-10-18 00:00:00,0.2980769230769231,0.0,0.7019230769230769
2019-02-03 00:00:00,0.31097560975609756,0.0,0.6890243902439024
2017-03-07 00:00:00,0.2944550669216061,0.0,0.7055449330783938
2017-03-03 00:00:00,0.2894211576846307,0.0,0.7105788423153693
2019-07-16 00:00:00,0.23711340206185566,0.0,0.7628865979381443
2018-07-15 00:00:00,0.3293172690763052,0.0,0.6706827309236948
2018-01-01 00:00:00,0.32421052631578945,0.0,0.6757894736842105
2017-09-27 00:00:00,0.3081510934393638,0.0,0.6918489065606361
2019-12-03 00:00:00,0.3263598326359833,0.0,0.6736401673640168
2017-10-11 00:00:00,0.29713114754098363,0.0,0.7028688524590164
2019-02-01 00:00:00,0.32525252525252524,0.0,0.6747474747474748
2019-04-17 00:00:00,0.29310344827586204,0.0,0.7068965517241379
2019-09-26 00:00:00,0.3430493273542601,0.0,0.6569506726457399
2018-01-11 00:00:00,0.25868725868725867,0.0,0.7413127413127413
2017-01-22 00:00:00,0.35580524344569286,0.0,0.6441947565543071
2017-02-02 00:00:00,0.32082551594746717,0.0,0.6791744840525328
2017-05-17 00:00:00,0.34622823984526113,0.0,0.6537717601547389
2018-08-22 00:00:00,0.24628450106157113,0.0,0.7537154989384289
2018-08-23 00:00:00,0.3057324840764331,0.0,0.6942675159235668
2018-03-21 00:00:00,0.2676056338028169,0.0,0.7323943661971831
2018-05-10 00:00:00,0.3471933471933472,0.0,0.6528066528066528
2018-10-20 00:00:00,0.3060796645702306,0.0,0.6939203354297694
2018-10-27 00:00:00,0.2587268993839836,0.0,0.7412731006160165
2018-11-07 00:00:00,0.2939914163090129,0.0,0.7060085836909872
2018-03-30 00:00:00,0.3060428849902534,0.0,0.6939571150097466
2018-09-15 00:00:00,0.27571115973741794,0.0,0.7242888402625821
2019-10-31 00:00:00,0.3051224944320713,0.0,0.6948775055679287
2019-01-09 00:00:00,0.2909441233140655,0.0,0.7090558766859345
2019-10-13 00:00:00,0.21739130434782608,0.0,0.782608695652174
2019-05-29 00:00:00,0.27309236947791166,0.0,0.7269076305220884
2019-03-13 00:00:00,0.2892561983471074,0.0,0.7107438016528925
2017-12-24 00:00:00,0.33954451345755693,0.0,0.660455486542443
2017-03-20 00:00:00,0.2799227799227799,0.0,0.7200772200772201
2017-11-24 00:00:00,0.2731006160164271,0.0,0.7268993839835729
2018-07-26 00:00:00,0.2926829268292683,0.0,0.7073170731707317
2019-03-21 00:00:00,0.27521008403361347,0.0,0.7247899159663865
2019-03-25 00:00:00,0.2939958592132505,0.0,0.7060041407867494
2019-02-27 00:00:00,0.29218106995884774,0.0,0.7078189300411523
2017-03-02 00:00:00,0.35247524752475246,0.0,0.6475247524752475
2019-09-15 00:00:00,0.2773279352226721,0.0,0.7226720647773279
2018-12-16 00:00:00,0.2896825396825397,0.0,0.7103174603174603
2018-07-08 00:00:00,0.3053763440860215,0.0,0.6946236559139785
2019-10-26 00:00:00,0.29605263157894735,0.0,0.7039473684210527
2017-11-06 00:00:00,0.32298136645962733,0.0,0.6770186335403726
2017-02-28 00:00:00,0.2898832684824903,0.0,0.7101167315175098
2017-10-23 00:00:00,0.3012295081967213,0.0,0.6987704918032787
2018-03-24 00:00:00,0.3355119825708061,0.0,0.664488017429194
2019-11-11 00:00:00,0.298,0.0,0.702
2018-09-10 00:00:00,0.3105590062111801,0.0,0.6894409937888198
2018-07-13 00:00:00,0.31166347992351817,0.0,0.6883365200764818
2019-08-12 00:00:00,0.2892057026476578,0.0,0.7107942973523421
2018-05-01 00:00:00,0.31610337972166996,0.0,0.68389662027833
2018-06-21 00:00:00,0.24509803921568626,0.0,0.7549019607843137
2018-08-10 00:00:00,0.27157894736842103,0.0,0.728421052631579
2019-06-11 00:00:00,0.32142857142857145,0.0,0.6785714285714286
2019-12-10 00:00:00,0.3143418467583497,0.0,0.6856581532416502
2017-04-17 00:00:00,0.32677165354330706,0.0,0.6732283464566929
2017-06-27 00:00:00,0.27485380116959063,0.0,0.7251461988304093
2019-02-08 00:00:00,0.3203285420944558,0.0,0.6796714579055442
2019-01-27 00:00:00,0.3045977011494253,0.0,0.6954022988505747
2017-05-05 00:00:00,0.3058823529411765,0.0,0.6941176470588235
2017-06-16 00:00:00,0.3280943025540275,0.0,0.6719056974459725
2018-03-19 00:00:00,0.31447963800904977,0.0,0.6855203619909502
2019-06-21 00:00:00,0.3355119825708061,0.0,0.664488017429194
2017-12-13 00:00:00,0.35853131749460043,0.0,0.6414686825053996
2019-07-07 00:00:00,0.31422505307855625,0.0,0.6857749469214437
2017-08-26 00:00:00,0.366,0.0,0.634
2017-07-07 00:00:00,0.34375,0.0,0.65625
2017-12-25 00:00:00,0.4168421052631579,0.0,0.5831578947368421
2018-07-04 00:00:00,0.35282651072124754,0.0,0.6471734892787524
2017-06-11 00:00:00,0.2962226640159046,0.0,0.7037773359840954
2019-02-28 00:00:00,0.3169734151329243,0.0,0.6830265848670757
2018-04-16 00:00:00,0.30019120458891013,0.0,0.6998087954110899
2017-10-14 00:00:00,0.3014256619144603,0.0,0.6985743380855397
2019-07-29 00:00:00,0.25925925925925924,0.0,0.7407407407407407
2017-07-22 00:00:00,0.29713114754098363,0.0,0.7028688524590164
2019-01-12 00:00:00,0.28846153846153844,0.0,0.7115384615384616
2018-03-04 00:00:00,0.3605313092979127,0.0,0.6394686907020873
2018-05-30 00:00:00,0.35040983606557374,0.0,0.6495901639344263
2017-02-01 00:00:00,0.3451492537313433,0.0,0.6548507462686567
2018-11-09 00:00:00,0.2764227642276423,0.0,0.7235772357723578
2018-02-20 00:00:00,0.23125,0.0,0.76875
2019-09-22 00:00:00,0.3786407766990291,0.0,0.6213592233009708
2018-12-18 00:00:00,0.28169014084507044,0.0,0.7183098591549296
2019-05-31 00:00:00,0.29065040650406504,0.0,0.709349593495935
2017-02-24 00:00:00,0.24953789279112754,0.0,0.7504621072088724
2018-01-23 00:00:00,0.3116370808678501,0.0,0.6883629191321499
2019-07-15 00:00:00,0.29098360655737704,0.0,0.7090163934426229
2018-07-19 00:00:00,0.2662473794549266,0.0,0.7337526205450734
2018-10-13 00:00:00,0.36400817995910023,0.0,0.6359918200408998
2018-04-05 00:00:00,0.2823779193205945,0.0,0.7176220806794055
2017-12-15 00:00:00,0.3151183970856102,0.0,0.6848816029143898
2018-02-06 00:00:00,0.30278884462151395,0.0,0.6972111553784861
2017-01-30 00:00:00,0.3709090909090909,0.0,0.6290909090909091
2017-08-14 00:00:00,0.2431865828092243,0.0,0.7568134171907757
2017-06-01 00:00:00,0.30707070707070705,0.0,0.692929292929293
2017-10-08 00:00:00,0.28958333333333336,0.0,0.7104166666666667
2017-08-18 00:00:00,0.3102766798418972,0.0,0.6897233201581028
2019-03-12 00:00:00,0.3286290322580645,0.0,0.6713709677419355
2019-12-16 00:00:00,0.275626423690205,0.0,0.724373576309795
2018-10-01 00:00:00,0.33826247689463956,0.0,0.6617375231053605
2017-12-10 00:00:00,0.24678111587982832,0.0,0.7532188841201717
2018-05-16 00:00:00,0.28663793103448276,0.0,0.7133620689655172
2019-08-14 00:00:00,0.296,0.0,0.704
2019-04-20 00:00:00,0.26968503937007876,0.0,0.7303149606299213
2018-01-20 00:00:00,0.2619047619047619,0.0,0.7380952380952381
2018-04-08 00:00:00,0.2798507462686567,0.0,0.7201492537313433
2018-09-11 00:00:00,0.29549902152641877,0.0,0.7045009784735812
2018-08-07 00:00:00,0.2925851703406814,0.0,0.7074148296593187
2018-05-29 00:00:00,0.23311546840958605,0.0,0.7668845315904139
2018-08-20 00:00:00,0.29175946547884185,0.0,0.7082405345211581
2019-08-16 00:00:00,0.32461873638344224,0.0,0.6753812636165577
2017-08-15 00:00:00,0.2361904761904762,0.0,0.7638095238095238
2018-08-21 00:00:00,0.3382978723404255,0.0,0.6617021276595745
2019-02-25 00:00:00,0.3333333333333333,0.0,0.6666666666666666
2017-08-25 00:00:00,0.28189300411522633,0.0,0.7181069958847737
2018-05-18 00:00:00,0.32116788321167883,0.0,0.6788321167883211
2017-09-14 00:00:00,0.3187855787476281,0.0,0.681214421252372
2019-09-13 00:00:00,0.25316455696202533,0.0,0.7468354430379747
2017-05-02 00:00:00,0.31688804554079697,0.0,0.683111954459203
2017-09-30 00:00:00,0.2734375,0.0,0.7265625
2017-07-01 00:00:00,0.30039525691699603,0.0,0.6996047430830039
2019-12-07 00:00:00,0.35280898876404493,0.0,0.647191011235955
2017-03-05 00:00:00,0.2742857142857143,0.0,0.7257142857142858
2020-01-17 00:00:00,0.30620985010706636,0.0,0.6937901498929336
2017-06-26 00:00:00,0.31611570247933884,0.0,0.6838842975206612
2017-09-07 00:00:00,0.32452830188679244,0.0,0.6754716981132075
2018-03-05 00:00:00,0.2823779193205945,0.0,0.7176220806794055
2020-01-06 00:00:00,0.3047404063205418,0.0,0.6952595936794582
2018-01-08 00:00:00,0.2668024439918534,0.0,0.7331975560081466
2017-05-14 00:00:00,0.3463035019455253,0.0,0.6536964980544747
2018-09-18 00:00:00,0.3188720173535792,0.0,0.6811279826464208
2018-09-12 00:00:00,0.26666666666666666,0.0,0.7333333333333333
2017-04-23 00:00:00,0.24703557312252963,0.0,0.7529644268774703
2019-11-29 00:00:00,0.32432432432432434,0.0,0.6756756756756757
2017-07-25 00:00:00,0.3146997929606625,0.0,0.6853002070393375
2018-03-25 00:00:00,0.29672447013487474,0.0,0.7032755298651252
2019-06-05 00:00:00,0.3066132264529058,0.0,0.6933867735470942
2017-10-05 00:00:00,0.2896281800391389,0.0,0.7103718199608611
2019-08-31 00:00:00,0.30916030534351147,0.0,0.6908396946564885
2018-06-03 00:00:00,0.27984344422700586,0.0,0.7201565557729941
2018-04-09 00:00:00,0.2746331236897275,0.0,0.7253668763102725
2019-11-13 00:00:00,0.31094049904030713,0.0,0.6890595009596929
2018-01-06 00:00:00,0.3613963039014374,0.0,0.6386036960985626
2019-09-25 00:00:00,0.30113636363636365,0.0,0.6988636363636364
2018-07-23 00:00:00,0.25363825363825365,0.0,0.7463617463617463
2017-11-04 00:00:00,0.3013972055888224,0.0,0.6986027944111777
2018-01-16 00:00:00,0.31648351648351647,0.0,0.6835164835164835
2017-07-02 00:00:00,0.40755467196819084,0.0,0.5924453280318092
2018-11-22 00:00:00,0.3170731707317073,0.0,0.6829268292682927
2018-07-22 00:00:00,0.2190082644628099,0.0,0.78099173553719
2017-07-08 00:00:00,0.3060428849902534,0.0,0.6939571150097466
2018-07-30 00:00:00,0.31910569105691056,0.0,0.6808943089430894
2017-02-09 00:00:00,0.2888015717092338,0.0,0.7111984282907662
2018-06-16 00:00:00,0.2889733840304182,0.0,0.7110266159695817
2019-05-05 00:00:00,0.2883435582822086,0.0,0.7116564417177914
2017-10-21 00:00:00,0.31020408163265306,0.0,0.689795918367347
2017-02-17 00:00:00,0.28160919540229884,0.0,0.7183908045977011
2018-05-12 00:00:00,0.3521739130434783,0.0,0.6478260869565218
2017-09-26 00:00:00,0.30158730158730157,0.0,0.6984126984126984
2018-04-28 00:00:00,0.33070866141732286,0.0,0.6692913385826772
2018-09-03 00:00:00,0.2848605577689243,0.0,0.7151394422310757
2019-08-03 00:00:00,0.23346303501945526,0.0,0.7665369649805448
2017-09-03 00:00:00,0.3280943025540275,0.0,0.6719056974459725
2019-11-08 00:00:00,0.3117782909930716,0.0,0.6882217090069284
2019-04-06 00:00:00,0.3267543859649123,0.0,0.6732456140350878
2018-10-29 00:00:00,0.27431906614785995,0.0,0.72568093385214
2019-02-11 00:00:00,0.3192771084337349,0.0,0.6807228915662651
2019-02-02 00:00:00,0.30784708249496984,0.0,0.6921529175050302
2018-12-04 00:00:00,0.2827868852459016,0.0,0.7172131147540983
2019-05-26 00:00:00,0.279826464208243,0.0,0.720173535791757
2019-03-27 00:00:00,0.31346578366445915,0.0,0.6865342163355408
2017-07-17 00:00:00,0.2751004016064257,0.0,0.7248995983935743
2019-03-01 00:00:00,0.28051391862955033,0.0,0.7194860813704497
2017-06-19 00:00:00,0.31275720164609055,0.0,0.6872427983539094
2018-10-02 00:00:00,0.3676190476190476,0.0,0.6323809523809524
2018-08-29 00:00:00,0.29183673469387755,0.0,0.7081632653061225
2019-08-15 00:00:00,0.24813432835820895,0.0,0.7518656716417911
2018-05-28 00:00:00,0.2838427947598253,0.0,0.7161572052401747
2017-08-02 00:00:00,0.32815533980582523,0.0,0.6718446601941748
2017-08-17 00:00:00,0.2676056338028169,0.0,0.7323943661971831
2019-12-13 00:00:00,0.2928416485900217,0.0,0.7071583514099783
2019-04-18 00:00:00,0.23505154639175257,0.0,0.7649484536082474
2019-03-05 00:00:00,0.3215767634854772,0.0,0.6784232365145229
2019-05-19 00:00:00,0.28600405679513186,0.0,0.7139959432048681
2018-06-19 00:00:00,0.26296296296296295,0.0,0.737037037037037
2018-08-26 00:00:00,0.2413793103448276,0.0,0.7586206896551724
2020-01-12 00:00:00,0.29718004338394793,0.0,0.702819956616052
2017-01-24 00:00:00,0.3005671077504726,0.0,0.6994328922495274
2019-11-07 00:00:00,0.27312775330396477,0.0,0.7268722466960352
2019-08-27 00:00:00,0.28488372093023256,0.0,0.7151162790697675
2017-12-11 00:00:00,0.2774327122153209,0.0,0.722567287784679
2019-07-18 00:00:00,0.2611336032388664,0.0,0.7388663967611336
2018-05-22 00:00:00,0.350104821802935,0.0,0.649895178197065
2017-12-31 00:00:00,0.4251012145748988,0.0,0.5748987854251012
2017-09-22 00:00:00,0.3046875,0.0,0.6953125
2018-08-27 00:00:00,0.31388329979879276,0.0,0.6861167002012073
2017-12-12 00:00:00,0.3075313807531381,0.0,0.6924686192468619
2017-11-08 00:00:00,0.30721649484536084,0.0,0.6927835051546392
2019-04-28 00:00:00,0.349609375,0.0,0.650390625
2017-04-18 00:00:00,0.2637571157495256,0.0,0.7362428842504743
2017-03-06 00:00:00,0.34099616858237547,0.0,0.6590038314176245
2018-08-02 00:00:00,0.3023758099352052,0.0,0.6976241900647948
2018-02-05 00:00:00,0.26814516129032256,0.0,0.7318548387096774
2017-08-03 00:00:00,0.39059304703476483,0.0,0.6094069529652352
2018-03-16 00:00:00,0.3246753246753247,0.0,0.6753246753246753
2017-11-23 00:00:00,0.33047210300429186,0.0,0.6695278969957081
2019-06-22 00:00:00,0.31194690265486724,0.0,0.6880530973451328
2017-07-13 00:00:00,0.34509803921568627,0.0,0.6549019607843137
2018-09-08 00:00:00,0.2851485148514851,0.0,0.7148514851485148
2017-02-25 00:00:00,0.2745490981963928,0.0,0.7254509018036072
2019-09-03 00:00:00,0.3365570599613153,0.0,0.6634429400386848
2018-11-16 00:00:00,0.3076923076923077,0.0,0.6923076923076923
2019-06-08 00:00:00,0.3319587628865979,0.0,0.668041237113402
2018-08-31 00:00:00,0.299009900990099,0.0,0.700990099009901
2017-08-19 00:00:00,0.29508196721311475,0.0,0.7049180327868853
2018-07-27 00:00:00,0.2876712328767123,0.0,0.7123287671232876
2018-01-24 00:00:00,0.30973451327433627,0.0,0.6902654867256637
2019-10-29 00:00:00,0.2962962962962963,0.0,0.7037037037037037
2020-01-11 00:00:00,0.3054298642533937,0.0,0.6945701357466063
2018-08-03 00:00:00,0.3325740318906606,0.0,0.6674259681093394
2018-01-19 00:00:00,0.25773195876288657,0.0,0.7422680412371134
2017-04-26 00:00:00,0.25244618395303325,0.0,0.7475538160469667
2019-04-21 00:00:00,0.3169734151329243,0.0,0.6830265848670757
2017-04-04 00:00:00,0.22810590631364563,0.0,0.7718940936863544
2018-08-09 00:00:00,0.342685370741483,0.0,0.657314629258517
2018-01-21 00:00:00,0.31446540880503143,0.0,0.6855345911949685
2018-04-14 00:00:00,0.3099787685774947,0.0,0.6900212314225053
2019-01-28 00:00:00,0.2987551867219917,0.0,0.7012448132780082
2017-01-29 00:00:00,0.32765151515151514,0.0,0.6723484848484849
2019-06-19 00:00:00,0.30495049504950494,0.0,0.695049504950495
2019-07-14 00:00:00,0.2799227799227799,0.0,0.7200772200772201
2017-07-24 00:00:00,0.2759295499021526,0.0,0.7240704500978473
2018-12-03 00:00:00,0.3542074363992172,0.0,0.6457925636007827
2018-12-15 00:00:00,0.275,0.0,0.725
2017-11-25 00:00:00,0.22950819672131148,0.0,0.7704918032786885
2017-06-13 00:00:00,0.31189083820662766,0.0,0.6881091617933723
2017-10-30 00:00:00,0.30528375733855184,0.0,0.6947162426614482
2017-06-22 00:00:00,0.27586206896551724,0.0,0.7241379310344828
2018-10-10 00:00:00,0.30812854442344045,0.0,0.6918714555765595
2018-08-28 00:00:00,0.2732673267326733,0.0,0.7267326732673267
2018-08-24 00:00:00,0.34279475982532753,0.0,0.6572052401746725
2019-04-22 00:00:00,0.28936170212765955,0.0,0.7106382978723405
2020-01-18 00:00:00,0.34122287968441817,0.0,0.6587771203155819
2019-10-17 00:00:00,0.34375,0.0,0.65625
2017-05-28 00:00:00,0.28884462151394424,0.0,0.7111553784860558
2017-04-09 00:00:00,0.310546875,0.0,0.689453125
2018-07-03 00:00:00,0.3561643835616438,0.0,0.6438356164383562
2018-10-18 00:00:00,0.293598233995585,0.0,0.7064017660044151
2019-09-10 00:00:00,0.3346938775510204,0.0,0.6653061224489796
2018-04-29 00:00:00,0.3391812865497076,0.0,0.6608187134502924
2019-07-04 00:00:00,0.4088176352705411,0.0,0.591182364729459
2019-08-24 00:00:00,0.35728952772073924,0.0,0.6427104722792608
2018-06-08 00:00:00,0.30237154150197626,0.0,0.6976284584980237
2018-06-02 00:00:00,0.2890625,0.0,0.7109375
2018-07-02 00:00:00,0.27419354838709675,0.0,0.7258064516129032
2017-02-07 00:00:00,0.2933579335793358,0.0,0.7066420664206642
2017-07-31 00:00:00,0.3530534351145038,0.0,0.6469465648854962
2020-01-02 00:00:00,0.2958057395143488,0.0,0.7041942604856513
2018-10-06 00:00:00,0.3836978131212724,0.0,0.6163021868787276
2017-11-16 00:00:00,0.25992063492063494,0.0,0.7400793650793651
2019-04-19 00:00:00,0.2755741127348643,0.0,0.7244258872651357
2019-08-30 00:00:00,0.2808080808080808,0.0,0.7191919191919192
2019-11-28 00:00:00,0.4173387096774194,0.0,0.5826612903225806
2019-04-09 00:00:00,0.2899786780383795,0.0,0.7100213219616205
2019-10-09 00:00:00,0.26666666666666666,0.0,0.7333333333333333
2017-08-12 00:00:00,0.28313253012048195,0.0,0.7168674698795181
2017-12-09 00:00:00,0.2803532008830022,0.0,0.7196467991169978
2018-04-06 00:00:00,0.2992125984251969,0.0,0.7007874015748031
2019-05-21 00:00:00,0.25,0.0,0.75
2018-03-29 00:00:00,0.3445378151260504,0.0,0.6554621848739496
2018-06-22 00:00:00,0.2842741935483871,0.0,0.7157258064516129
2019-10-22 00:00:00,0.3014256619144603,0.0,0.6985743380855397
2017-06-06 00:00:00,0.2925311203319502,0.0,0.7074688796680498
2018-08-14 00:00:00,0.2655935613682093,0.0,0.7344064386317908
2019-02-12 00:00:00,0.30851063829787234,0.0,0.6914893617021277
2019-07-02 00:00:00,0.31683168316831684,0.0,0.6831683168316832
2017-12-03 00:00:00,0.2678227360308285,0.0,0.7321772639691715
2018-11-02 00:00:00,0.3660130718954248,0.0,0.6339869281045751
2018-11-27 00:00:00,0.27442827442827444,0.0,0.7255717255717256
2018-12-28 00:00:00,0.26476578411405294,0.0,0.7352342158859471
2017-03-31 00:00:00,0.30980392156862746,0.0,0.6901960784313725
2017-09-20 00:00:00,0.228515625,0.0,0.771484375
2019-12-21 00:00:00,0.296137339055794,0.0,0.703862660944206
2018-12-19 00:00:00,0.26582278481012656,0.0,0.7341772151898734
2017-08-11 00:00:00,0.341796875,0.0,0.658203125
2019-04-16 00:00:00,0.3156862745098039,0.0,0.6843137254901961
2018-09-07 00:00:00,0.3111545988258317,0.0,0.6888454011741683
2019-03-17 00:00:00,0.21348314606741572,0.0,0.7865168539325843
2019-09-23 00:00:00,0.27912087912087913,0.0,0.7208791208791209
2020-01-04 00:00:00,0.29545454545454547,0.0,0.7045454545454546
2019-06-09 00:00:00,0.3261802575107296,0.0,0.6738197424892703
2018-02-03 00:00:00,0.2688888888888889,0.0,0.7311111111111112
2018-01-30 00:00:00,0.3150406504065041,0.0,0.6849593495934959
2019-05-08 00:00:00,0.32091097308488614,0.0,0.6790890269151139
2018-05-11 00:00:00,0.2767857142857143,0.0,0.7232142857142857
2018-04-20 00:00:00,0.3258426966292135,0.0,0.6741573033707865
2020-01-07 00:00:00,0.3026315789473684,0.0,0.6973684210526315
2018-01-14 00:00:00,0.29243353783231085,0.0,0.7075664621676891
2018-03-23 00:00:00,0.2379182156133829,0.0,0.7620817843866171
2017-03-19 00:00:00,0.294,0.0,0.706
2017-05-29 00:00:00,0.29296875,0.0,0.70703125
2019-08-13 00:00:00,0.275049115913556,0.0,0.724950884086444
2019-06-28 00:00:00,0.32945736434108525,0.0,0.6705426356589147
2018-12-13 00:00:00,0.28051391862955033,0.0,0.7194860813704497
2019-06-29 00:00:00,0.3067961165048544,0.0,0.6932038834951456
2019-10-08 00:00:00,0.2751004016064257,0.0,0.7248995983935743
2017-02-23 00:00:00,0.3007380073800738,0.0,0.6992619926199262
2018-12-31 00:00:00,0.451171875,0.0,0.548828125
2019-03-24 00:00:00,0.3114406779661017,0.0,0.6885593220338984
2019-06-10 00:00:00,0.2457627118644068,0.0,0.7542372881355932
2018-09-30 00:00:00,0.3237704918032787,0.0,0.6762295081967213
2017-08-30 00:00:00,0.3110236220472441,0.0,0.6889763779527559
2017-04-20 00:00:00,0.3299798792756539,0.0,0.670020120724346
2019-03-22 00:00:00,0.3034188034188034,0.0,0.6965811965811965
2018-07-20 00:00:00,0.2411504424778761,0.0,0.7588495575221239
2019-01-04 00:00:00,0.29310344827586204,0.0,0.7068965517241379
2018-07-09 00:00:00,0.30902111324376197,0.0,0.690978886756238
2018-10-28 00:00:00,0.2521551724137931,0.0,0.7478448275862069
2017-12-02 00:00:00,0.23943661971830985,0.0,0.7605633802816901
2018-10-09 00:00:00,0.3199152542372881,0.0,0.6800847457627118
2018-03-18 00:00:00,0.2737306843267108,0.0,0.7262693156732892
2017-07-03 00:00:00,0.36213991769547327,0.0,0.6378600823045267
2017-12-23 00:00:00,0.30434782608695654,0.0,0.6956521739130435
2018-07-01 00:00:00,0.3318872017353579,0.0,0.6681127982646421
2017-08-04 00:00:00,0.3869047619047619,0.0,0.6130952380952381
2018-09-17 00:00:00,0.354,0.0,0.646
2017-02-21 00:00:00,0.2698706099815157,0.0,0.7301293900184843
2018-07-10 00:00:00,0.27167630057803466,0.0,0.7283236994219653
2018-09-06 00:00:00,0.31447963800904977,0.0,0.6855203619909502
2017-01-26 00:00:00,0.3684210526315789,0.0,0.631578947368421
2017-05-25 00:00:00,0.35306553911205074,0.0,0.6469344608879493
2018-10-25 00:00:00,0.29292929292929293,0.0,0.7070707070707071
2019-10-01 00:00:00,0.28932038834951457,0.0,0.7106796116504854
2018-04-17 00:00:00,0.26215644820295986,0.0,0.7378435517970402
2017-06-28 00:00:00,0.30019880715705766,0.0,0.6998011928429424
2018-09-27 00:00:00,0.2968421052631579,0.0,0.7031578947368421
2017-08-27 00:00:00,0.3089108910891089,0.0,0.691089108910891
2019-08-19 00:00:00,0.3333333333333333,0.0,0.6666666666666666
2019-12-06 00:00:00,0.289760348583878,0.0,0.710239651416122
2017-10-15 00:00:00,0.3005893909626719,0.0,0.6994106090373281
2018-12-17 00:00:00,0.27637130801687765,0.0,0.7236286919831224
2019-04-01 00:00:00,0.294238683127572,0.0,0.7057613168724279
2019-02-18 00:00:00,0.3558648111332008,0.0,0.6441351888667992
2018-07-05 00:00:00,0.3068893528183716,0.0,0.6931106471816284
2018-03-12 00:00:00,0.3146997929606625,0.0,0.6853002070393375
2019-10-18 00:00:00,0.2909090909090909,0.0,0.7090909090909091
2017-03-28 00:00:00,0.2618556701030928,0.0,0.7381443298969073
2018-10-04 00:00:00,0.33402922755741127,0.0,0.6659707724425887
2018-03-10 00:00:00,0.37986270022883295,0.0,0.620137299771167
2017-09-11 00:00:00,0.3403041825095057,0.0,0.6596958174904943
2017-04-25 00:00:00,0.2980769230769231,0.0,0.7019230769230769
2019-04-05 00:00:00,0.334,0.0,0.666
2018-04-23 00:00:00,0.3112449799196787,0.0,0.6887550200803213
2019-07-24 00:00:00,0.2782258064516129,0.0,0.7217741935483871
2019-01-15 00:00:00,0.25196850393700787,0.0,0.7480314960629921
2019-06-07 00:00:00,0.3135245901639344,0.0,0.6864754098360656
2019-04-12 00:00:00,0.2597402597402597,0.0,0.7402597402597403
2017-06-23 00:00:00,0.35450819672131145,0.0,0.6454918032786885
2019-09-06 00:00:00,0.3424036281179138,0.0,0.6575963718820862
2018-09-01 00:00:00,0.325635103926097,0.0,0.674364896073903
2017-07-19 00:00:00,0.3065953654188948,0.0,0.6934046345811051
2019-01-14 00:00:00,0.3198458574181118,0.0,0.6801541425818882
2018-08-25 00:00:00,0.3310657596371882,0.0,0.6689342403628118
2018-01-22 00:00:00,0.2736842105263158,0.0,0.7263157894736842
2019-12-05 00:00:00,0.30105263157894735,0.0,0.6989473684210527
2017-07-23 00:00:00,0.2719836400817996,0.0,0.7280163599182005
2019-11-21 00:00:00,0.2968421052631579,0.0,0.7031578947368421
2019-01-16 00:00:00,0.30134357005758156,0.0,0.6986564299424184
2019-09-29 00:00:00,0.24724061810154527,0.0,0.7527593818984547
2017-09-28 00:00:00,0.23029045643153526,0.0,0.7697095435684648
2017-06-18 00:00:00,0.3147410358565737,0.0,0.6852589641434262
2019-01-10 00:00:00,0.31097560975609756,0.0,0.6890243902439024
2019-03-20 00:00:00,0.31210191082802546,0.0,0.6878980891719745
2017-05-16 00:00:00,0.24236641221374045,0.0,0.7576335877862596
2018-09-28 00:00:00,0.34210526315789475,0.0,0.6578947368421053
2019-03-09 00:00:00,0.3456521739130435,0.0,0.6543478260869565
2018-11-20 00:00:00,0.29466357308584684,0.0,0.7053364269141531
2018-01-25 00:00:00,0.3170212765957447,0.0,0.6829787234042554
2019-12-19 00:00:00,0.3004032258064516,0.0,0.6995967741935484
2019-02-16 00:00:00,0.36099585062240663,0.0,0.6390041493775933
2017-07-18 00:00:00,0.26153846153846155,0.0,0.7384615384615385
2019-05-18 00:00:00,0.2807017543859649,0.0,0.7192982456140351
2019-11-14 00:00:00,0.26881720430107525,0.0,0.7311827956989247
2018-04-26 00:00:00,0.33122362869198313,0.0,0.6687763713080169
2017-02-13 00:00:00,0.35902255639097747,0.0,0.6409774436090225
2019-06-04 00:00:00,0.35390946502057613,0.0,0.6460905349794238
2019-12-27 00:00:00,0.3180778032036613,0.0,0.6819221967963387
2018-01-13 00:00:00,0.2616632860040568,0.0,0.7383367139959433
2019-09-17 00:00:00,0.32142857142857145,0.0,0.6785714285714286
2018-11-30 00:00:00,0.33267716535433073,0.0,0.6673228346456693
2019-04-07 00:00:00,0.28016359918200406,0.0,0.7198364008179959
2017-08-23 00:00:00,0.29446640316205536,0.0,0.7055335968379447
2019-01-11 00:00:00,0.2799188640973631,0.0,0.7200811359026369
2017-05-10 00:00:00,0.307843137254902,0.0,0.692156862745098
2017-06-15 00:00:00,0.292,0.0,0.708
2019-10-16 00:00:00,0.3157894736842105,0.0,0.6842105263157895
2017-12-17 00:00:00,0.31893004115226337,0.0,0.6810699588477366
2019-06-02 00:00:00,0.28991596638655465,0.0,0.7100840336134454
2017-02-10 00:00:00,0.321011673151751,0.0,0.6789883268482491
2019-12-08 00:00:00,0.2785388127853881,0.0,0.7214611872146118
2017-03-16 00:00:00,0.26337448559670784,0.0,0.7366255144032922
2017-06-05 00:00:00,0.2857142857142857,0.0,0.7142857142857143
2018-12-10 00:00:00,0.3067484662576687,0.0,0.6932515337423313
2017-04-27 00:00:00,0.3081395348837209,0.0,0.6918604651162791
2019-08-22 00:00:00,0.4018058690744921,0.0,0.5981941309255079
2018-04-03 00:00:00,0.2964426877470356,0.0,0.7035573122529645
2018-01-12 00:00:00,0.2837022132796781,0.0,0.716297786720322
2017-03-22 00:00:00,0.28830645161290325,0.0,0.7116935483870968
2017-05-18 00:00:00,0.30078125,0.0,0.69921875
2017-09-21 00:00:00,0.3069306930693069,0.0,0.693069306930693
2019-12-22 00:00:00,0.31225296442687744,0.0,0.6877470355731226
2018-07-31 00:00:00,0.3184855233853007,0.0,0.6815144766146993
2018-01-26 00:00:00,0.3283261802575107,0.0,0.6716738197424893
2018-03-31 00:00:00,0.3292929292929293,0.0,0.6707070707070707
2019-02-09 00:00:00,0.26382978723404255,0.0,0.7361702127659574
2019-02-19 00:00:00,0.33210332103321033,0.0,0.6678966789667896
2019-10-07 00:00:00,0.32293986636971045,0.0,0.6770601336302895
2019-02-05 00:00:00,0.3305439330543933,0.0,0.6694560669456067
2018-09-19 00:00:00,0.38922155688622756,0.0,0.6107784431137725
2018-02-04 00:00:00,0.3233082706766917,0.0,0.6766917293233082
2017-01-21 00:00:00,0.3900184842883549,0.0,0.609981515711645
2019-12-11 00:00:00,0.3132530120481928,0.0,0.6867469879518072
2018-06-15 00:00:00,0.2891089108910891,0.0,0.7108910891089109
2018-12-29 00:00:00,0.2567287784679089,0.0,0.7432712215320911
2018-01-10 00:00:00,0.2657952069716776,0.0,0.7342047930283224
2018-05-05 00:00:00,0.25626204238921,0.0,0.74373795761079
2020-01-14 00:00:00,0.3274336283185841,0.0,0.672566371681416
2018-12-27 00:00:00,0.30265848670756645,0.0,0.6973415132924335
2019-11-01 00:00:00,0.3112033195020747,0.0,0.6887966804979253
2018-03-09 00:00:00,0.34521158129175944,0.0,0.6547884187082406
2018-09-25 00:00:00,0.378698224852071,0.0,0.621301775147929
2017-05-12 00:00:00,0.28189300411522633,0.0,0.7181069958847737
2019-04-03 00:00:00,0.294234592445328,0.0,0.705765407554672
2017-05-01 00:00:00,0.2845691382765531,0.0,0.7154308617234469
2017-08-01 00:00:00,0.30377358490566037,0.0,0.6962264150943396
2019-06-03 00:00:00,0.33970276008492567,0.0,0.6602972399150743
2017-05-20 00:00:00,0.3277661795407098,0.0,0.6722338204592901
2017-05-11 00:00:00,0.26785714285714285,0.0,0.7321428571428571
2019-04-26 00:00:00,0.3148148148148148,0.0,0.6851851851851852
2019-01-18 00:00:00,0.2791164658634538,0.0,0.7208835341365462
2017-11-17 00:00:00,0.285140562248996,0.0,0.714859437751004
2017-02-16 00:00:00,0.3246753246753247,0.0,0.6753246753246753
2019-07-11 00:00:00,0.3410526315789474,0.0,0.6589473684210526
2019-02-26 00:00:00,0.3682170542635659,0.0,0.6317829457364341
2017-10-01 00:00:00,0.29354207436399216,0.0,0.7064579256360078
2018-10-21 00:00:00,0.26556016597510373,0.0,0.7344398340248963
2017-10-16 00:00:00,0.31983805668016196,0.0,0.680161943319838
2019-10-23 00:00:00,0.287593984962406,0.0,0.7124060150375939
2018-09-29 00:00:00,0.305668016194332,0.0,0.694331983805668
2018-01-07 00:00:00,0.29218106995884774,0.0,0.7078189300411523
2018-02-13 00:00:00,0.2880658436213992,0.0,0.7119341563786008
2017-11-13 00:00:00,0.28846153846153844,0.0,0.7115384615384616
2017-10-20 00:00:00,0.3307543520309478,0.0,0.6692456479690522
2017-08-10 00:00:00,0.3,0.0,0.7
2018-09-20 00:00:00,0.3341772151898734,0.0,0.6658227848101266
2017-07-06 00:00:00,0.29918032786885246,0.0,0.7008196721311475
2018-09-14 00:00:00,0.2968127490039841,0.0,0.703187250996016
2019-09-07 00:00:00,0.28823529411764703,0.0,0.711764705882353
2019-04-04 00:00:00,0.2982062780269058,0.0,0.7017937219730942
2017-03-10 00:00:00,0.3078393881453155,0.0,0.6921606118546845
2018-06-18 00:00:00,0.31262939958592134,0.0,0.6873706004140787
2017-04-29 00:00:00,0.3333333333333333,0.0,0.6666666666666666
2019-11-30 00:00:00,0.3147751605995717,0.0,0.6852248394004282
2018-07-28 00:00:00,0.2868686868686869,0.0,0.7131313131313132
2017-10-03 00:00:00,0.32751937984496127,0.0,0.6724806201550387
2018-04-10 00:00:00,0.2903225806451613,0.0,0.7096774193548387
2017-10-17 00:00:00,0.28599221789883267,0.0,0.7140077821011673
2017-02-11 00:00:00,0.3663003663003663,0.0,0.6336996336996337
2018-11-29 00:00:00,0.31097560975609756,0.0,0.6890243902439024
2018-11-12 00:00:00,0.3238095238095238,0.0,0.6761904761904762
2018-11-18 00:00:00,0.3020408163265306,0.0,0.6979591836734694
2017-04-11 00:00:00,0.2755741127348643,0.0,0.7244258872651357
2017-10-27 00:00:00,0.29320388349514565,0.0,0.7067961165048544
2019-11-06 00:00:00,0.34375,0.0,0.65625
2018-12-24 00:00:00,0.292,0.0,0.708
2019-06-06 00:00:00,0.30927835051546393,0.0,0.6907216494845361
2019-12-28 00:00:00,0.32665330661322645,0.0,0.6733466933867736
2019-09-16 00:00:00,0.29878048780487804,0.0,0.7012195121951219
2017-09-19 00:00:00,0.35375494071146246,0.0,0.6462450592885376
2019-06-23 00:00:00,0.28680688336520077,0.0,0.7131931166347992
2019-12-30 00:00:00,0.3116883116883117,0.0,0.6883116883116883
2018-02-21 00:00:00,0.2871287128712871,0.0,0.7128712871287128
2018-02-07 00:00:00,0.3068893528183716,0.0,0.6931106471816284
2019-07-17 00:00:00,0.24568965517241378,0.0,0.7543103448275862
2018-09-09 00:00:00,0.3333333333333333,0.0,0.6666666666666666
2019-05-25 00:00:00,0.3092105263157895,0.0,0.6907894736842105
2019-12-18 00:00:00,0.2831858407079646,0.0,0.7168141592920354
2018-02-14 00:00:00,0.3058350100603622,0.0,0.6941649899396378
2017-10-09 00:00:00,0.3229571984435798,0.0,0.6770428015564203
2018-07-25 00:00:00,0.3071748878923767,0.0,0.6928251121076233
2018-12-05 00:00:00,0.33613445378151263,0.0,0.6638655462184874
2017-02-04 00:00:00,0.2912801484230056,0.0,0.7087198515769945
2017-03-26 00:00:00,0.31620553359683795,0.0,0.6837944664031621
2017-02-08 00:00:00,0.2881679389312977,0.0,0.7118320610687023
2017-05-06 00:00:00,0.3313953488372093,0.0,0.6686046511627907
2018-03-11 00:00:00,0.3064182194616977,0.0,0.6935817805383023
2018-01-18 00:00:00,0.31317494600431967,0.0,0.6868250539956804
2019-04-30 00:00:00,0.2919847328244275,0.0,0.7080152671755725
2019-05-15 00:00:00,0.3205944798301486,0.0,0.6794055201698513
2018-11-28 00:00:00,0.38626609442060084,0.0,0.6137339055793991
2018-08-04 00:00:00,0.3650485436893204,0.0,0.6349514563106796
2018-11-25 00:00:00,0.2727272727272727,0.0,0.7272727272727273
2018-03-03 00:00:00,0.2813141683778234,0.0,0.7186858316221766
2019-09-28 00:00:00,0.272,0.0,0.728
2018-10-19 00:00:00,0.2898876404494382,0.0,0.7101123595505618
2018-03-15 00:00:00,0.2692307692307692,0.0,0.7307692307692307
2019-10-14 00:00:00,0.24329896907216494,0.0,0.756701030927835
2018-05-27 00:00:00,0.2922201138519924,0.0,0.7077798861480076
2019-08-05 00:00:00,0.24254473161033796,0.0,0.757455268389662
2019-07-26 00:00:00,0.31176470588235294,0.0,0.6882352941176471
2018-05-07 00:00:00,0.30257510729613735,0.0,0.6974248927038627
2017-05-31 00:00:00,0.2956204379562044,0.0,0.7043795620437956
2017-10-04 00:00:00,0.28761061946902655,0.0,0.7123893805309734
2019-09-09 00:00:00,0.2857142857142857,0.0,0.7142857142857143
2017-11-26 00:00:00,0.2830578512396694,0.0,0.7169421487603306
2019-03-19 00:00:00,0.3004201680672269,0.0,0.6995798319327731
2018-06-20 00:00:00,0.28102189781021897,0.0,0.718978102189781
2020-01-09 00:00:00,0.35684647302904565,0.0,0.6431535269709544
2020-01-10 00:00:00,0.32510288065843623,0.0,0.6748971193415638
2019-03-29 00:00:00,0.29606625258799174,0.0,0.7039337474120083
2018-05-02 00:00:00,0.3127659574468085,0.0,0.6872340425531915
2019-06-16 00:00:00,0.3176229508196721,0.0,0.6823770491803278
2018-04-22 00:00:00,0.32112068965517243,0.0,0.6788793103448276
2017-03-17 00:00:00,0.3121495327102804,0.0,0.6878504672897197
2018-04-13 00:00:00,0.3002070393374741,0.0,0.6997929606625258
2019-11-26 00:00:00,0.33476394849785407,0.0,0.6652360515021459
2018-05-04 00:00:00,0.3150105708245243,0.0,0.6849894291754757
2019-08-28 00:00:00,0.32150313152400833,0.0,0.6784968684759917
2019-04-27 00:00:00,0.3,0.0,0.7
2019-06-18 00:00:00,0.375,0.0,0.625
2017-11-10 00:00:00,0.3436213991769547,0.0,0.6563786008230452
2018-02-01 00:00:00,0.27892561983471076,0.0,0.7210743801652892
2019-07-31 00:00:00,0.2682445759368836,0.0,0.7317554240631163
2019-07-09 00:00:00,0.2799188640973631,0.0,0.7200811359026369
2018-07-21 00:00:00,0.27331887201735355,0.0,0.7266811279826464
2019-01-07 00:00:00,0.23954372623574144,0.0,0.7604562737642585
2019-12-17 00:00:00,0.3048245614035088,0.0,0.6951754385964912
2017-08-22 00:00:00,0.35019455252918286,0.0,0.6498054474708171
2019-09-08 00:00:00,0.3156862745098039,0.0,0.6843137254901961
2019-05-09 00:00:00,0.31092436974789917,0.0,0.6890756302521008
2017-12-27 00:00:00,0.348,0.0,0.652
2017-05-30 00:00:00,0.24124513618677043,0.0,0.7587548638132295
2019-04-14 00:00:00,0.32916666666666666,0.0,0.6708333333333333
2017-05-27 00:00:00,0.3110236220472441,0.0,0.6889763779527559
2018-11-26 00:00:00,0.30120481927710846,0.0,0.6987951807228916
2019-03-28 00:00:00,0.3516699410609037,0.0,0.6483300589390962
2018-04-01 00:00:00,0.3340471092077088,0.0,0.6659528907922913
2018-12-08 00:00:00,0.3388773388773389,0.0,0.6611226611226612
2018-02-12 00:00:00,0.2981132075471698,0.0,0.7018867924528301
2017-01-31 00:00:00,0.30975143403441685,0.0,0.6902485659655831
2017-03-18 00:00:00,0.31106471816283926,0.0,0.6889352818371608
2019-11-15 00:00:00,0.24008810572687225,0.0,0.7599118942731278
2017-05-21 00:00:00,0.3379174852652259,0.0,0.6620825147347741
2019-10-06 00:00:00,0.29504504504504503,0.0,0.704954954954955
2019-01-26 00:00:00,0.24789915966386555,0.0,0.7521008403361344
2019-07-03 00:00:00,0.2832699619771863,0.0,0.7167300380228137
2017-12-22 00:00:00,0.34177215189873417,0.0,0.6582278481012658
2017-06-29 00:00:00,0.3092369477911647,0.0,0.6907630522088354
2018-04-07 00:00:00,0.2968421052631579,0.0,0.7031578947368421
2017-07-16 00:00:00,0.29583333333333334,0.0,0.7041666666666667
2018-08-12 00:00:00,0.28952772073921973,0.0,0.7104722792607803
2018-05-03 00:00:00,0.28516377649325625,0.0,0.7148362235067437
2017-11-28 00:00:00,0.2901353965183752,0.0,0.7098646034816247
2018-12-11 00:00:00,0.28661087866108786,0.0,0.7133891213389121
2020-01-19 00:00:00,0.33783783783783783,0.0,0.6621621621621622
2019-02-13 00:00:00,0.3201581027667984,0.0,0.6798418972332015
2017-12-21 00:00:00,0.29916317991631797,0.0,0.700836820083682
2018-06-23 00:00:00,0.25948103792415167,0.0,0.7405189620758483
2018-12-23 00:00:00,0.29082774049217003,0.0,0.70917225950783
2019-04-25 00:00:00,0.28888888888888886,0.0,0.7111111111111111
2017-11-27 00:00:00,0.21267893660531698,0.0,0.787321063394683
2019-07-27 00:00:00,0.26124197002141325,0.0,0.7387580299785867
2017-08-05 00:00:00,0.3425196850393701,0.0,0.65748031496063
2018-12-21 00:00:00,0.31844660194174756,0.0,0.6815533980582524
2017-11-09 00:00:00,0.28316831683168314,0.0,0.7168316831683168
2019-01-20 00:00:00,0.26693227091633465,0.0,0.7330677290836654
2019-01-22 00:00:00,0.2851153039832285,0.0,0.7148846960167715
2018-08-18 00:00:00,0.2868369351669941,0.0,0.7131630648330058
2017-02-03 00:00:00,0.33396584440227706,0.0,0.6660341555977229
2018-12-20 00:00:00,0.2725450901803607,0.0,0.7274549098196392
2017-10-02 00:00:00,0.286527514231499,0.0,0.713472485768501
2018-11-11 00:00:00,0.3194444444444444,0.0,0.6805555555555556
2017-07-27 00:00:00,0.3201663201663202,0.0,0.6798336798336798
2018-08-13 00:00:00,0.31932773109243695,0.0,0.680672268907563
2019-10-02 00:00:00,0.3038229376257545,0.0,0.6961770623742455
2018-03-26 00:00:00,0.298828125,0.0,0.701171875
2017-08-31 00:00:00,0.30060120240480964,0.0,0.6993987975951904
2019-05-30 00:00:00,0.2804123711340206,0.0,0.7195876288659794
2018-06-17 00:00:00,0.2803180914512923,0.0,0.7196819085487077
2019-11-27 00:00:00,0.43478260869565216,0.0,0.5652173913043478
2017-04-12 00:00:00,0.3206831119544592,0.0,0.6793168880455408
2019-08-08 00:00:00,0.27906976744186046,0.0,0.7209302325581395
2019-03-07 00:00:00,0.29239766081871343,0.0,0.7076023391812866
2019-06-27 00:00:00,0.3,0.0,0.7
2019-02-20 00:00:00,0.2710843373493976,0.0,0.7289156626506024
2019-09-01 00:00:00,0.3141683778234086,0.0,0.6858316221765913
2017-11-18 00:00:00,0.279317697228145,0.0,0.720682302771855
2019-01-06 00:00:00,0.266260162601626,0.0,0.733739837398374
2018-05-23 00:00:00,0.28634361233480177,0.0,0.7136563876651982
2017-09-04 00:00:00,0.341796875,0.0,0.658203125
2017-05-04 00:00:00,0.3940594059405941,0.0,0.6059405940594059
2017-06-30 00:00:00,0.3220675944333996,0.0,0.6779324055666004
2020-01-03 00:00:00,0.31196581196581197,0.0,0.688034188034188
2018-04-25 00:00:00,0.3261802575107296,0.0,0.6738197424892703
2019-08-04 00:00:00,0.21756487025948104,0.0,0.782435129740519
2017-10-25 00:00:00,0.3283898305084746,0.0,0.6716101694915254
2017-12-05 00:00:00,0.3305613305613306,0.0,0.6694386694386695
2018-07-14 00:00:00,0.26993865030674846,0.0,0.7300613496932515
2019-01-08 00:00:00,0.28085106382978725,0.0,0.7191489361702128
2017-07-21 00:00:00,0.3742690058479532,0.0,0.6257309941520468
2018-07-24 00:00:00,0.2814498933901919,0.0,0.7185501066098081
2018-12-06 00:00:00,0.3114754098360656,0.0,0.6885245901639344
2018-08-11 00:00:00,0.34296724470134876,0.0,0.6570327552986512
2018-05-17 00:00:00,0.3108695652173913,0.0,0.6891304347826087
2018-02-15 00:00:00,0.24489795918367346,0.0,0.7551020408163265
2017-03-14 00:00:00,0.30115830115830117,0.0,0.6988416988416989
2017-06-25 00:00:00,0.3030927835051546,0.0,0.6969072164948453
2017-07-10 00:00:00,0.2901960784313726,0.0,0.7098039215686275
2019-12-04 00:00:00,0.27692307692307694,0.0,0.7230769230769231
2019-04-10 00:00:00,0.3,0.0,0.7
2019-01-02 00:00:00,0.2485089463220676,0.0,0.7514910536779325
2019-05-27 00:00:00,0.3230088495575221,0.0,0.6769911504424779
2017-05-24 00:00:00,0.3450413223140496,0.0,0.6549586776859504
2018-11-23 00:00:00,0.3149284253578732,0.0,0.6850715746421268
2020-01-16 00:00:00,0.3247311827956989,0.0,0.6752688172043011
2017-02-22 00:00:00,0.28867924528301886,0.0,0.7113207547169811
2018-11-04 00:00:00,0.2870159453302961,0.0,0.7129840546697038
2017-12-14 00:00:00,0.26262626262626265,0.0,0.7373737373737373
2017-12-18 00:00:00,0.2857142857142857,0.0,0.7142857142857143
2018-06-11 00:00:00,0.3167701863354037,0.0,0.6832298136645962
2019-10-24 00:00:00,0.2543689320388349,0.0,0.7456310679611651
2018-06-29 00:00:00,0.27607361963190186,0.0,0.7239263803680982
2018-01-29 00:00:00,0.3199195171026157,0.0,0.6800804828973843
2019-09-04 00:00:00,0.24203821656050956,0.0,0.7579617834394905
2018-06-25 00:00:00,0.27184466019417475,0.0,0.7281553398058253
2017-09-01 00:00:00,0.37598425196850394,0.0,0.6240157480314961
2017-12-06 00:00:00,0.3067484662576687,0.0,0.6932515337423313
2019-11-02 00:00:00,0.3202247191011236,0.0,0.6797752808988764
2017-07-20 00:00:00,0.29867674858223064,0.0,0.7013232514177694
2018-02-10 00:00:00,0.27194860813704497,0.0,0.728051391862955
2017-12-26 00:00:00,0.314,0.0,0.686
2018-05-26 00:00:00,0.28,0.0,0.72
2019-09-05 00:00:00,0.3438735177865613,0.0,0.6561264822134387
2018-01-15 00:00:00,0.2542372881355932,0.0,0.7457627118644068
2017-04-03 00:00:00,0.3069306930693069,0.0,0.693069306930693
2017-03-01 00:00:00,0.379047619047619,0.0,0.6209523809523809
2018-06-12 00:00:00,0.287109375,0.0,0.712890625
2017-08-09 00:00:00,0.3101391650099404,0.0,0.6898608349900597
2019-03-26 00:00:00,0.29835390946502055,0.0,0.7016460905349794
2019-12-15 00:00:00,0.2585858585858586,0.0,0.7414141414141414
2017-05-13 00:00:00,0.3162217659137577,0.0,0.6837782340862423
2017-07-09 00:00:00,0.3474747474747475,0.0,0.6525252525252525
2017-09-25 00:00:00,0.2480916030534351,0.0,0.7519083969465649
2019-05-02 00:00:00,0.3150105708245243,0.0,0.6849894291754757
2018-10-30 00:00:00,0.2834008097165992,0.0,0.7165991902834008
2018-06-13 00:00:00,0.30393996247654786,0.0,0.6960600375234521
2017-03-24 00:00:00,0.28893058161350843,0.0,0.7110694183864915
2019-10-19 00:00:00,0.2556701030927835,0.0,0.7443298969072165
2018-06-10 00:00:00,0.2495164410058027,0.0,0.7504835589941973
2019-05-07 00:00:00,0.31006160164271046,0.0,0.6899383983572895
2017-11-19 00:00:00,0.26774847870182555,0.0,0.7322515212981744
2018-11-08 00:00:00,0.3249475890985325,0.0,0.6750524109014675
2019-03-16 00:00:00,0.3239130434782609,0.0,0.6760869565217391
2018-10-24 00:00:00,0.3088235294117647,0.0,0.6911764705882353
2018-02-11 00:00:00,0.284796573875803,0.0,0.715203426124197
2017-02-14 00:00:00,0.28051001821493626,0.0,0.7194899817850637
2018-02-02 00:00:00,0.2650862068965517,0.0,0.7349137931034483
2020-01-01 00:00:00,0.3003875968992248,0.0,0.6996124031007752
2017-03-09 00:00:00,0.3736059479553903,0.0,0.6263940520446096
2018-09-21 00:00:00,0.2795275590551181,0.0,0.7204724409448819
2017-11-22 00:00:00,0.32108317214700194,0.0,0.6789168278529981
2018-05-24 00:00:00,0.30754716981132074,0.0,0.6924528301886792
2019-01-30 00:00:00,0.31020408163265306,0.0,0.689795918367347
2017-03-29 00:00:00,0.36904761904761907,0.0,0.6309523809523809
2017-09-12 00:00:00,0.329004329004329,0.0,0.670995670995671
2017-03-25 00:00:00,0.3630952380952381,0.0,0.6369047619047619
2019-01-17 00:00:00,0.3049040511727079,0.0,0.6950959488272921
2017-01-27 00:00:00,0.3722627737226277,0.0,0.6277372262773723
2019-05-13 00:00:00,0.302504816955684,0.0,0.697495183044316
2019-12-23 00:00:00,0.30060120240480964,0.0,0.6993987975951904
2019-10-03 00:00:00,0.3002070393374741,0.0,0.6997929606625258
2018-03-14 00:00:00,0.29591836734693877,0.0,0.7040816326530612
2018-01-03 00:00:00,0.3048543689320388,0.0,0.6951456310679611
2018-11-03 00:00:00,0.3497942386831276,0.0,0.6502057613168725
2017-06-24 00:00:00,0.27634194831013914,0.0,0.7236580516898609
2019-11-10 00:00:00,0.3094262295081967,0.0,0.6905737704918032
2019-05-10 00:00:00,0.30425531914893617,0.0,0.6957446808510638
2017-04-24 00:00:00,0.3269961977186312,0.0,0.6730038022813688
2019-07-06 00:00:00,0.2837022132796781,0.0,0.716297786720322
2019-05-28 00:00:00,0.2737306843267108,0.0,0.7262693156732892
2018-08-08 00:00:00,0.31042128603104213,0.0,0.6895787139689579
2018-07-12 00:00:00,0.324853228962818,0.0,0.675146771037182
2018-08-30 00:00:00,0.2985386221294363,0.0,0.7014613778705637
2018-03-17 00:00:00,0.30078125,0.0,0.69921875
2018-08-19 00:00:00,0.2769556025369979,0.0,0.7230443974630021
2018-02-23 00:00:00,0.2939958592132505,0.0,0.7060041407867494
2017-11-30 00:00:00,0.2854251012145749,0.0,0.7145748987854251
2018-01-09 00:00:00,0.3333333333333333,0.0,0.6666666666666666
2017-11-15 00:00:00,0.2996031746031746,0.0,0.7003968253968254
2018-06-06 00:00:00,0.3525641025641026,0.0,0.6474358974358975
2017-08-29 00:00:00,0.3064516129032258,0.0,0.6935483870967742
2018-10-26 00:00:00,0.28313253012048195,0.0,0.7168674698795181
2017-11-11 00:00:00,0.29508196721311475,0.0,0.7049180327868853
2018-04-21 00:00:00,0.30952380952380953,0.0,0.6904761904761905
2017-04-21 00:00:00,0.31189083820662766,0.0,0.6881091617933723
2019-05-04 00:00:00,0.25051334702258726,0.0,0.7494866529774127
2019-12-26 00:00:00,0.3420523138832998,0.0,0.6579476861167002
2017-07-11 00:00:00,0.238,0.0,0.762
2019-08-02 00:00:00,0.32421052631578945,0.0,0.6757894736842105
2017-11-12 00:00:00,0.31047619047619046,0.0,0.6895238095238095
2019-11-16 00:00:00,0.30326295585412666,0.0,0.6967370441458733
2019-06-24 00:00:00,0.2641509433962264,0.0,0.7358490566037735
2018-08-15 00:00:00,0.31106471816283926,0.0,0.6889352818371608
2017-09-15 00:00:00,0.31901840490797545,0.0,0.6809815950920245
2018-09-04 00:00:00,0.300796812749004,0.0,0.6992031872509961
